{
    "loss": 0.08226490020751953,
    "accuracy": 0.8651911616325378
}